hcpcs_code,total_unique_beneficiaries,total_paid
00003,14346885,5330165952.54
W1793,527089,2256074210.53
W7210,2421443,687075856.32
99361,378027,610209627.97
8888888,565594,542578200.8
0241U,5647333,504031504.83
X4011,945872,349820018.84
0202U,1775346,295707400.37
W0725,31028,255094985.2
W7350,74576,246679440.65
W6110,457558,240880615.91
W0500,388113,231984578
77386,66212,216592019.82
99442,6001186,206263582.1
W5102,178724,202056388.41
Y7506,520561,197484613.66
0365T,85213,168669357.64
W7370,57268,166598756.85
96152,721370,165386271.46
M0123,85374,165371892.3
99443,2180570,145643875.15
5140Z,44493,137769646.63
00069,203169,132247911.97
D9248,1318842,123556566.91
Y9504,40048,117542405.78
0001A,3264150,113776380.86
0002A,2959272,112727473.13
M0150,28370,112453848.07
W7330,29200,109760257.34
99441,4403623,103939133.87
99201,1296068,99228937.87
Z7502,2611745,98298398.6499998
W0715,39060,95986885.08
96153,887193,94268055
W7375,48859,93173906.89
X4003,882129,86714315.78
99220,911405,84676467.07
M0122,42807,79700049.12
OP250,3073137,72502451.43
M0355,17073,69035670.55
Z0637,428642,67903288.54
96150,355540,64147714.94
W1761,534809,63394841.63
99336,1723722,63217237.29
X4006,54389,62707843.59
96101,239322,62583833.36
M0116,100475,60176195.96
Z5834,5636,59021450.32
00068,83300,58928740.67
95951,122624,58352343.04
1021Z,23401,57571017.74
0225U,253140,57114624.07
W7060,29172,56923643.29
W1760,235365,56019266.48
M0125,23325,55105171.23
99354,536040,54132218.98
M0152,12272,52401942.96
99343,245364,52298308.17
0012A,1503910,51755649.84
W0300,27829,51589940.87
OP710,471854,50633420.84
0011A,1628654,48329634.6200001
X5622,723581,47536026.3
Z9557,54535,46135525.71
Z1034,1853046,44983734.31
W9045,3152,44240596.07
Z7500,2453468,42961573.98
0240U,380913,41319160.8
92586,754500,40272634.09
0364T,93952,39857448.37
5140Y,17653,39764975.99
99218,227991,39732993.39
OP370,362970,39527218.91
77014,190436,39062172.19
G0749,36478,38306897.35
0369T,73615,38145531.68
Z0199,303990,37822921.71
M0167,9688,37238440.71
G0226,176855,36140888.58
99219,396864,35878941.62
97532,257062,35655209.3
OP272,745576,35101490.45
90806,11666,35012998.77
Z0195,221888,34029973
Z5999,65739,33665392.85
0071A,736586,33612734.05
99217,771032,33372026.51
Z9560,48117,33271058.15
G0100,52776,30097200.98
0072A,624572,29752392.4
W0016,212743,29352182.72
M0361,13078,29189765.25
99337,481144,28969615.58
Y7507,63071,28560495.36
99444,147980,27634374.5
Z5868,5071,27499324.95
99335,1078670,26731460.85
G0648,277648,25732468.99
M0118,33718,24674773.46
W9047,2445,24093724.95
1286Z,168151,23990009.17
Z0102,34322,23173864.62
37229,11328,22926081.57
1201Z,20074,22082907.17
M0124,7359,21984300.34
X4014,19880,21812124.7
96151,376766,21713013.05
D9220,93000,21341598.37
M0360,14246,21139205.1
0064A,548554,20773168.66
M0166,5296,20104793.61
W9029,1043,20072930.09
0004A,531047,19829826.03
99241,266505,19557953.38
0368T,85146,19502641.35
Z4306,341001,19128572.93
W0700,12913,19042898.51
0345U,110302,18598813.93
D9221,75960,18216807.17
Z1032,231112,17732568.56
0124A,456074,17659483.08
M0115,35782,17536716.49
M0354,10492,17457611.69
Z0104,35759,17449343.36
Z6004,11004,17109498.31
93890,144506,16845162.95
OP278,22937,16760018.3
W7310,10458,16604457.2
W1895,557542,16457306.62
1023Z,2851,16359458.5
92226,647335,16011345.02
97127,38325,15978182.74
W0260,2668,15950757.88
W0560,9547,15583205.67
01936,198539,15082899.86
81211,16419,15053747.21
M0299,154562,14481358.8
Z9725,343668,14093350.39
W0038,1703,13778659.05
W9323,90414,13457550
96118,32403,13333895.37
OP279,189251,13322383.74
Z9558,12318,13101901.2
X1939,205404,13091034.51
Z4300,123764,12758378.21
5140X,6743,12388857.44
M0151,2432,12258397.83
92225,358037,12192044.61
M0149,3032,11393232.99
W0200,3906,11357689.01
LF001,4405,11327545.04
W7201,12379,11301069.43
0037U,14856,11264332.32
0054A,238074,11084700.75
W1726,5874,10971062.41
OP270,421562,10792507.27
Z7610,756807,10629650.7
Z4305,98423,10567378.2
37225,5508,10382988.27
ATP14,1341573,9874873.63
X3908,198188,9825390.92
X0241,3485,9731847.53
X6987,11052,9453042.15
W0720,7548,9320325.71
M0113,21325,9214447.91
Z6500,106613,9038851.33
0003A,224319,9016379.58
1220Z,38395,8982308.30999999
OP259,961959,8864530.18
2074Y,2743,8625666.63
M0117,9215,8620782.24
M0133,37540,8592834.49
W0710,8790,8480838.32
99340,56732,8417769.68
M0111,43710,8327500.52
W0037,449032,8236101.89
99334,586841,8162854.09
96111,80258,8026136.07
W9306,3569,7993198.06
Z5838,866,7918495.77
0223U,39108,7865693.7
0242U,9383,7650245.36
1210Z,7791,7610731.07
X4110,171128,7584177.7
W7226,5071,7538963.42
11100,120368,7511936.43
0340U,28663,7381209.48
M0373,14346,7368759.7
Z4304,110547,7200272.7
W0510,18621,7193271.78
99226,78171,7136965.18
0031A,213708,7026703.21
96040,140339,7010863.67
X5635,1018,6845062.93
D4220,11201,6761332
1213M,3905,6269839.46
X3920,151031,6236225.8
Z0309,44181,6216139.22
0134A,169867,6206860.51
M0209,32877,6196436.59
92585,43902,6166174.97
W0530,12391,5978786.95
0327U,25760,5966098.33
X0621,17020,5966084.34
X2061,2968,5825308.13
99356,131936,5680199.4
ATP08,945917,5569372.07
X0215,231867,5538693.25
99355,35184,5526763.18
Y2032,15825,5361889.04
0370T,27590,5272675.59
00042,1782,5199809.89
Z6020,1756,5161362.14
SRX01,1355,5158905.97
81545,4235,4992228.78
X6985,8329,4988758.32
OP258,1043392,4975001.7
99225,122804,4936699.23
93299,139328,4931357.13
0297T,65458,4525704.4
G0227,40529,4516648.6
0026U,4690,4335350.91
99318,87218,4301742.68
W5996,1920,4250851.89
W0705,7827,4213170.33
X0377,25764,4212414.6
ATP15,474431,4177606.65
Z4301,143128,4158478.56
X4100,104602,4151858.98
1286A,28592,3965504.03
0013A,128376,3936214.26
W7274,7081,3929712.93
W7319,37913,3805327.2
M0298,80125,3780184.71
M0169,897,3777738.25
OP379,56986,3721898.35
77385,1154,3698102.7
Z4303,88096,3677962.18
1214Z,9254,3551453.29
T2013TF,2277,3517567.41
Z4307,110374,3476359.93
W0055,1820,3439193.77
T0012,22676,3351489
1546P,645,3327201.99
0326U,5811,3318284.95
Z7506,24076,3171698.86
X3922,76354,3117695.84
G6063,32953,3092481.75
D8060,7583,3070750.18
W7224,1467,3064487.94
0359T,6427,3045951.28
1530P,11813,3032613.84
ATP17,593776,3005541.99
D1352,32822,2939602.79
512,12139,2930808.32
99224,28670,2917125.52
0099U,18692,2909373.9
95953,5367,2878839.01
M0372,18919,2857841.58
W7275,3804,2855974.29
1223Z,77124,2761467.16
1286C,20041,2757996.06
Z0100,6889,2755937.99
M0145,6385,2754064.18
10E0XZZ,524,2729176.58
80100,97530,2728325.76
81213,9846,2699579.07
Z5946,987,2681414.15
M0101,29338,2644972.59
12170,873,2630196.23
0052A,51484,2594966.09
81433,34468,2590124.45
D8690,20684,2509362.03
12200,6384,2485442.76
0239U,3426,2471222.12
W7095,3115,2456263.2
Z4308,67053,2455520.55
W0230,322,2451843.79
W0520,5224,2424203.09
M0171,6915,2378898.35
0100U,20956,2364643.24
Y9500,755,2358077.67
X4102,59119,2342041.96
00067,8591,2329575.87
X3910,104222,2297935.91
0154A,45122,2219464.56
X0341,1183,2197080.8
92593,65565,2186419.43
0051A,50794,2180425.09
99327,28523,2166664.78
X3928,73420,2165742.34
37227,1143,2151824.07
W9324,7537,2146925
0081A,49564,2142675.12
Z6400,469393,2141237.3
W1764,9464,2139002.51
80104,56442,2106637
Z0059,84984,2068344.1
91300,2618735,1970930.79
Z6410,386412,1970466.04
1433Z,982,1965063.96
X0043,1437,1957907.79
X0620,10394,1942981.12
92591,45092,1933449.73
1432Z,1210,1908754.73
1437Z,1184,1897583.38
Z4311,140926,1869630.31
W1002,28716,1850518.66
97001,36846,1839819.04
X5621,15810,1839143.61
92275,28887,1827607.36
97003,24442,1804518.89
1218Z,13022,1771881.25
X4112,90552,1754280.39
ATP03,448584,1745607.29
72275,45874,1735021.87
OP251,145587,1692102.48
W0100,193,1682937.6
X4500,18865,1674749.51
M0420,5165,1644246.29
0352U,75672,1636629.53
95943,28826,1627715.13
G0228,7368,1611529.11
M0153,206,1609171.69
D7960,7259,1601006.6
90804,1394,1574485.97
M0799,11581,1538699.69
G6064,5172,1523537.92
1439Z,4630,1522989.55
OP271,110052,1520515.62
W9307,1235,1513911.88
M0315,50018,1512677.68
95956,1351,1509408.79
1431Z,1434,1506608.7
0082A,32159,1502615.81
X1915,13938,1488971.8
96119,12860,1468429.83
96154,53063,1461034.18
1438Z,808,1459662.07
1288Z,6085,1447474.46
HZ2ZZZZ,477,1446385.07
99251,34176,1441795.24
71020,91485,1396745.71
92595,32440,1375604.3
W0140,774,1375116.52
1548P,7739,1328395.68
X4120,45969,1324093.02
1520P,675,1303808.9
91122,10915,1294823.76
X1922,6456,1269728.65
0361T,3346,1239544.1
Z4310,91165,1210122.28
X4303,8632,1208687.13
10022,8234,1198246.4
12160,1367,1187868.52
W0730,893,1180660.2
W1759,4603,1160934.06
49580,504,1138277.72
W0102,164,1136984.49
80502,27776,1127249.74
1436Z,989,1116834.69
0097U,18009,1102121.15
99326,21811,1099381.1
99090,3422,1093422.85
91301,1322088,1074690.27
W0137,29148,1069897.11
M0135,2125,1057502.86
0074A,21890,1054062.92
D2941,4508,1046772.48
43760,8329,1037770.4
Z6406,255612,1007990.47
01935,17785,998391.81
X0616,4816,970956.69
0374T,211,960057.6
91120,5899,942949.45
A0010,1400,938499.19
55700,3113,924702.7
92592,30223,891938.06
71010,88892,889667.7
300,3014,875992.57
Z4312,72715,872443.51
96102,16994,867086.88
D1515,3544,860770.91
Z6204,206041,859708.14
W7335,611,841000
0080U,1601,840191.99
M0347,432,837766.67
80500,77535,831716.48
ATP11,155822,828215.62
Z5822,19005,808197.6
HZ42ZZZ,139,806964.67
M0419,6337,805601.14
94750,15730,804048.05
96103,58414,804023.67
ATP07,147731,803327.43
Z6030,472,802264.63
GZ3ZZZZ,45,797741.77
Z5942,2528,794526.27
99328,8787,785152.35
81436,3129,757145.47
X4530,21064,732285.51
ATP16,75624,726882.42
0053A,20909,721965.09
W0550,844,711987.18
0111A,18243,711783.78
W0003,6137,694719.72
ATP18,128466,691576.39
Z0106,3579,690331.23
W9314,1236,683975.74
Z4302,52174,680440.44
1397Z,714,677280.63
Z6304,164884,668484.19
Z5832,91,665336.45
1434Z,5311,665315.64
74241,7501,647859.54
0117U,16447,638354.73
X4544,7898,635394.39
W7032,9849,632503.54
X4540,21943,623091.26
HZ39ZZZ,129,616560
D8692,3054,615081.6
ATP09,92171,609090.65
W0210,830,601817.25
M0119,210,599551.51
0073A,14768,597324.39
Z5924,12085,590478.6
94770,20012,584650.52
0363T,1213,581439.3
2288Z,681,573659.21
0399T,22377,565066.29
0042T,16890,561324.52
Z5836,3483,557236.28
CP007,8053,552265.92
0047U,843,538173.13
0172U,658,536984.87
APT15,38372,535657.3
91307,676916,535561.46
0312U,13469,533181.44
0353U,36434,532922.61
W1011,3965,525596.35
Z0645,1336,521931.82
00015,4449,512442.46
95950,289,509233.48
0112A,11778,503302.77
X0150,8370,500217.12
CP002,38093,494667.52
W7010,35868,493433.6
Z5406,20555,492335.87
76970,7710,486423.71
X3926,19756,472342.24
ATP10,92770,467799.26
00017,1992,458729.2
D1203,25013,458701
93531,712,457723.92
W9520,5047,456568.7
99325,16239,453853.11
Z5910,12492,438375.03
Z0160,3300,421976.3
80101,17001,407691
Z5916,11295,403404.92
0367T,893,396125.78
M0131,1136,390360.05
H2016HI,189,387207.15
Z1038,47890,386848.91
OP229,7037,384048.28
0366T,2091,383684.69
G0750,408,382671.39
ATP04,72170,374042.19
77059,1250,372665.69
X0592,10952,371080.11
M0143,819,364550.96
77401,5505,364465.89
X4301,4588,360465.34
11101,13024,354358.42
W0570,818,353236.44
96120,12869,347803.13
0118U,1197,344770.99
S4930,33861,344407.39
450,351,341965.32
Z6412,14157,341757.34
ATP02,89861,340625.3
92590,7300,330109.28
0360T,3846,323477.64
Z4309,12059,318837.13
0296T,14491,311474.46
1300Z,1363,309131.18
1536P,74,307598.45
0334U,836,304239.51
98969,10966,303602.02
M0154,864,303197.29
0083A,6939,301715.04
Z7512,12624,300807.32
0034A,6020,288638.15
1448P,2046,286173.99
99357,4499,285344.89
86781,14988,280393.65
0087U,530,278083.05
0064U,23458,277686.02
87450,21490,275619.21
Z7514,4391,273676.97
0018U,1670,271457.97
0482T,1977,270502.33
X4304,9286,259744.61
APT16,17111,258769.8
Z5958,1530,257260.17
W8700,736,253097.96
0212U,301,250001.93
X4104,11662,247925.27
Z0178,1470,247507
W0163,179,246110.08
M0202,675,244172.41
Z5936,4170,243652
0213U,281,243308.57
W0655,1359,242242
M0539,6549,241612.83
0005U,2580,235822.27
37231,594,230317.12
0204U,1075,230149.54
90782,609,228398.22
W9322,502,224000
Z6404,31844,221813.58
0173A,6091,221630.6
W0104,336,218409.59
1291Z,2684,217531.21
Z9559,222,217323.12
99339,5260,214451.49
0214U,429,213464.42
520,866,210769.44
1247Z,2028,206496.37
W0220,37,205140.16
W1894,6544,199146.32
X4300,2468,198343.79
96155,4002,193981.27
Z6202,26214,193552.6
H2015CR,113,192792.6
ATP13,34322,191399.69
76001,2046,190461.94
0244U,290,190323.07
W7337,274,190197.58
D9940,1026,188440.53
D0290,1173,188038.31
W7215,4691,187076.21
APT17,12494,184936.77
OP720,1210,182510.33
0298T,13543,180349.01
3E0234Z,76,180214.23
97004,2412,180190.17
0121A,5283,177222.32
37233,701,176251.91
OP252,42398,175875.35
94250,9729,173385.11
MSSP,486,173183.72
Z5918,10735,172847.5
W9351,859,172208.88
ATP05,29006,168006.75
W7000,32806,166439.11
3027Z,168,165369.31
64402,948,164192.35
W0316,2121,163471.59
1558P,3596,158907.41
Z6302,20526,157842.1
91306,141215,157381.44
74247,1860,156074.54
0360U,1727,155847.98
H2015HT,440,154906.31
W0240,36,152994.52
GZHZZZZ,14,151472.34
27370,2252,151137.04
00014,1160,148403.3
1209Z,25,148209.15
D8691,2767,148019.5
0372T,845,146067.43
Z5932,3576,145935.88
OP681,960,145286.97
0060U,2260,145023.71
M0192,410,141246.33
1019Z,17,138877.95
ATP06,27280,138694.96
D9242,1677,137543.21
92594,5242,135704.01
1430Z,245,134681.8
0089U,2469,133581.62
X4542,2714,132890.09
CP008,1621,131484.62
Z7504,2325,130612.46
H2022GT,223,130159.26
0364U,502,130063.02
49585,129,129542.45
A0220,315,128225.02
W0630,270,128025.56
ATP12,20310,125557.79
20926,1073,123230.54
Z5904,2231,121807.27
HZ49ZZZ,27,119007.58
00001,5524,115840
OP721,600,114117.03
90630,14610,113795.1
G0718,112,113316.55
Z7508,2395,112877.59
OP255,26378,111174.79
00016,330,109509.84
0054U,1246,108513.22
78320,1361,108376.62
99324,11627,105804.73
95831,7218,104387.02
95974,1476,103693.16
0215U,259,99546.97
T2021HQ,178,96944.36
1305Z,866,96854.87
4701Y,4701,96727.87
Z6414,52939,96646.63
Z0648,1026,96628.45
H2022CR,179,94879.66
W9794,68,94148.8
H0020CR,1274,94030.5
OP637,58540,93418.32
99999,985,92557.47
W5514,334,91292.92
OP960,753,90326.47
H0019TJ,22,89836.46
ECM00,368,87000
74000,7243,85775.69
H5300,578,85306.47
D9241,1463,84062.1
0065U,7341,83629.4
0108U,604,83530.92
0001M,3615,83464.02
Z5816,374,82630.94
Z4315,1710,82063.35
W0270,121,81521.81
HZ89ZZZ,16,81410.84
S9484HA,15,79192
Z6006,212,77924.62
95834,1890,77823.06
W9352,266,77172.47
H2012HA,118,76671.42
H2017U5,146,76500
0164A,1963,76430.3
91312,172232,76046.8
Z6208,26827,75911.25
62311,257,73137.82
H202222,66,72801.83
H2023U4,195,70931.08
W9315,320,70243.64
Z5920,4434,70004.09
1304Z,102,69878.16
Z6308,30140,66183.41
0115U,2252,65494.36
0012M,736,64789.39
CP003,5277,64526.91
W2025,348,63802.8
X2045,318,63669.01
Z4314,2327,63666.53
0144A,1379,63605.58
Z5928,1436,62814.52
91305,165131,62794.42
0224U,2235,62733.65
ATP23,4961,62594.41
00000,29841,61978.74
M0538,1628,61696.54
0094A,2348,61192.88
Z0108,891,60911.48
OP254,9123,60737.36
T2016U5,68,60702.51
OP912,39,60507
0151A,1224,60353.21
X5527,105,60253.1
82055,4309,60228
0245U,825,58308.81
1202Z,385,57502.52
M0359,363,56188.77
Z5908,1495,55843.76
64413,995,55738.09
W8710,114,55318.39
Z5934,1295,55192.01
0363U,73,55116.95
37228,50,54820.42
D8693,671,54476.45
0001U,172,53730.31
M0541,2256,53606.42
H0020U3,372,53280
H5230,362,53265.75
0112U,3770,53221.2
S5145HA,30,52957.43
Y7510,89,52425.22
X0301,209,51510
0208U,705,51360.33
90837GT,438,50787.21
37232,111,49858.77
37220,140,49774.64
74020,2332,49312.51
M0490,41,49235.47
0077U,5730,48955.27
92561,2173,48814.98
0000000,521,48097.87
91308,57960,47944.77
0051U,435,47107.84
OP682,152,46954.25
G0649,633,46816.02
Z5914,244,45689.02
Z9727,1607,45642.17
OP762,297,45590.66
0191T,306,45500.92
90911,726,44175.92
M0120,406,43076.94
90654,7226,43003.37
X0615,247,42959.25
0411U,1309,42496.72
0349U,1184,42481.63
78607,253,42245.82
1322Z,763,41910
08001,255,41250
PIN02,164,41174.54
H0040CR,174,40273.3
W7216,3839,40187.51
97155GT,92,39485.6
0003M,804,39311.53
1551P,147,38157.16
1435Z,48,38126.79
0394T,290,38016.2
Z7510,606,37039.07
OP402,33,35995.47
1AA11,14789,35978.97
49653,53,35382.98
V2217,1473,34483.05
ATP19,6977,34053.33
0339U,315,33322.88
92560,7557,33193.57
0038U,23535,32793.06
M0198,97,31903.21
37221,53,31598.72
W4047,1783,30976.08
D8050,27,30780
RAA,14,30680.67
H2033GT,23,30360.13
CP004,2927,30006.38
1222Z,895,29970.31
X0103,106,29850
0193U,1623,29776.36
X1916,24,29369.86
1303Z,56,29183.37
00740,280,28423.44
3E033GC,25,27800.24
320,161,27191.64
99214GT,323,27045.96
X4532,832,26980
D1525,126,26804.2
T1019U4,48,26768.4
0247U,274,26467.27
64550,1218,26246.11
90002,572,25767.13
94400,805,25493.96
1208Z,13,25125
0346T,3805,25066.5
97002,4111,25046.15
0014M,488,24873.44
M0307,438,24741.91
0371T,307,24526.93
00045,708,24078.52
80174,754,23700
Z9726,540,23494.38
91313,59026,23164.94
95827,77,22939.91
0295T,1296,22750.44
49652,26,22600.38
80182,754,22503.15
W0635,50,22410.37
80160,754,21330
76102,108,21299.99
20005,103,20746.74
M0317,242,20615.75
37226,13,20490.83
X3932,2595,19531.17
US200,77,19520
1200Z,25,19322.05
36147,68,19103.04
0356U,405,18792.06
H0040HA,26,18648.51
X4522,56,18607.58
D5510,292,18515
CP005,835,18469.45
2CA11,95,18254.03
0141A,524,18154.73
37235,73,18048.94
H2033CR,26,17598.74
0350U,531,17573.01
CP001,1660,17185.7
97156GT,85,16920
91303,89035,16742.59
W7200,637,16622.1
906,12,16506.63
3045F,65285,16478.54
Z5944,198,16333.52
Z5940,94,16275.34
96100,111,16163.4
1550P,100,15882.16
0346U,609,15851.18
Z5906,411,15748.44
0174A,218,15488.24
X4345,209,15312
M0316,338,15243.49
Z6206,1429,15041.59
D1015,133,14686.6
X4526,346,14357.93
Z6306,1081,14255.71
APT04,1174,14132.87
0105U,75,14060
0011U,402,13901.27
97350,85,13833.28
95832,1678,13613.13
0419U,477,13446.2
D0260,1293,13192.5
OP260,123,12930.59
0500T,2556,12875.04
V5000,72,12569.96
Z5956,461,12412.86
H0038CR,172,12385.38
21310,283,12246.7
0171A,485,11468.84
71015,333,11453.31
92975,74,11153.55
62310,41,11031.71
Z5964,207,10952.29
90021,686,10316.5
W4132,790,10216.64
G0658,13,10197.48
XXXXX,361,10113.07
0090U,37,10033.5
0024U,2132,9949.37
T2021CR,16,9937.44
0151U,155,9843.52
35476,26,9311.04
Z5902,71,9226.92
81214,335,9172.21
0295U,26,9032
CP006,409,8830.58
0315U,26,8500
0279U,183,8331.48
M0540,854,8297.76
0375U,311,8276.35
D1555,343,8246.47
H0045HA,49,8233.05
X4114,1128,8178.6
Z6408,902,8151.75
W4211,3440,8094.09
W5000,89,7889.62
X3930,669,7578.79
WA061,412,7575.85
D5610,146,7560
Z5930,279,7482.66
Z0640,12,7200
2HB11,25,7053.46
Z5968,219,7017.22
D0351,1392,6967.13
91315,16790,6898.98
0091A,230,6802.58
X0597,45,6770.8
92564,327,6714.1
93533,13,6571.55
SO215,66,6569.74
0003U,201,6437.4
00810,237,6411.76
32405,108,6373.89
74010,453,6080.03
D1550,129,6056.82
49568,93,6048.03
91309,1903,5972.35
0109U,192,5965.3
D8694,76,5925
OP621,1941,5870.12
0159T,509,5722.32
0041A,186,5360.07
H0015GT,16,5346.72
49561,14,5282.83
T2041U4,32,5191.36
3HB11,983,5101.14
90669,2299,4987.35
0142A,137,4949.17
Z0058,168,4830
0356T,358,4815.71
0088U,56,4778.67
APT09,373,4764
1HA11,407,4677.65
APT18,330,4668.4
W9862,18,4597.5
APT02,572,4582.69
95975,122,4532.4
M0321,161,4517.32
M0199,12,4512.6
Z6300,62450,4478.44
Z6200,62466,4448.14
99215GT,31,4380.2
Z6402,63891,4208.88
91311,17765,4203.64
S9526,12,4072.88
1CHMS,111,3946.32
X4502,131,3912.63
0503T,26,3899.97
Y7508,12,3821.69
0407U,16,3800
98046,91,3746.4
W0020,16,3603.75
Z5900,54,3542.87
270,14,3470.51
T1023GT,15,3469.5
J7140,116,3356.75
0344U,239,3352.63
9928525,27,3313.53
G0650,27,3311.65
M0306,113,3258.68
0449U,149,3106.14
A0429ET,41,2955.2
D8084,13,2940
APT11,236,2933.04
X4501,90,2909.66
ZZZZZ,214,2702.57
00010,16,2685.2
99213GT,40,2685.06
A0800,141,2675.89
M0609,13,2639.14
X4306,352,2618.88
0114U,187,2618.86
90832GT,44,2609.38
A0427ET,30,2607.42
90847GT,16,2483.85
0502T,38,2425.6
OP299,34,2405.5
0172A,88,2401.15
H0045HB,15,2304.75
H2026U4,24,2266.06
99309GT,89,2225.97
74249,91,2217.97
W7334,13,2215.5
3IB11,230,2153.93
3EC11,297,2144.14
X4535,43,2129.81
0501T,69,2116.37
APT10,171,2072.34
T2025HO,12,2062.5
G0651,12,2013.51
X4106,293,1964.88
3HB21,1370,1843.54
Z0020,571,1841.06
0338U,28,1753.2
99440,52,1730.61
0134U,22,1709.13
OP276,50,1670.57
91317,4860,1642.54
OP510,87,1633.55
Z0334,88,1592.5
37222,26,1537.27
90837CR,16,1518.72
92506,41,1488.6
0525C,28,1478.46
90802,17,1476.64
H0045U4,16,1453.5
H1017,18,1440
XR180,12,1440
74245,49,1385.66
1IC11,14,1357.94
3HA11,2477,1333.46
1AFKS,81,1251.37
Z5922,25,1182
90853GT,41,1168.38
0227U,73,1163.7
OP450,776,1160
OP940,240,1127.27
83925,14,1092.91
0141U,235,1090.63
0488U,12,1062.81
90833GT,33,1046.15
T105,158,1039.32
OP999,43,1024.75
0456U,65,999
90834GT,14,987.84
72046,67,971.55
W4212,233,946.8
3IC11,502,882.46
ATP20,321,873.9
0092A,129,847.91
Z4313,29,826.79
Y9167,295,823.33
ATP21,284,804.96
0107U,269,798.44
PT819,101,768
95833,49,742.17
0098U,1393,724.59
0113A,18,724.3
X3904,38424,713.32
GO463,59,712.39
OP403,12,699.25
APT14,52,686.34
W4670,65,660
0663T,38,576.05
0044A,16,560
M0953,12,548.32
00039,13,547.15
J4390,24,540.75
OP274,273,536.73
80154,14,519.48
D0000,502,519
X6661,50,505.92
G9141,55,487.56
J7603,242,479.63
X3906,2485,461.72
83840,14,458.64
0093A,108,446.3
82145,14,436.54
0167U,175,431.42
X6720,14,421.12
88888,71,414.95
W7021,38,412.83
GO467,12,390.18
00028,12,379.61
82649,14,361.14
CR199,127,328.39
0121U,785,310.61
94662,127,306.74
0641T,166,297.01
78205,26,296.96
Q3014GT,12,295.08
82646,14,290.03
94620,15,279.77
82742,14,277.94
83805,14,247.52
0031U,588,240.48
0030U,83,236.03
APT03,28,234.08
82520,14,212.81
PNLTY,16,180
90785GT,19,162.97
WA060,14,152.11
OP771,27,145.35
00092,41,145.18
APT06,12,139.74
APT08,12,139.2
0032U,637,120.24
99321,16,117.6
0061U,355,110.44
91314,1227,70.38
G0001,335,69.81
D0096,18,62.84
99332,254,62.7
0642T,56,54.1
888888,23388,30
0052U,609,23.75
OP290,147,20.87
0351U,12,18.56
W7020,45,17.13
90645,2984,15.49
0441U,138,9.76
OP257,46,8.06
XZERO,1043,6.99
91316,758,4.96
H004022,216,3.48
0311U,82,3.24
99311,94,1.26
HH023,1543,1
1AHKS,206,0.26
-,44,0
0,314,0
00018,184566,0
0005A,15,0
0009M,48,0
001,30,0
00111,15,0
0014A,30,0
0021A,17,0
0022A,84,0
00250,38,0
0029U,44,0
0033U,214,0
00511,12,0
0068U,43,0
0078U,15,0
00CH0,12,0
00CV0,121,0
00IM0,76,0
01,1412,0
01206,13,0
0122U,784,0
0123U,694,0
0143U,17,0
0144U,14,0
0148U,36,0
0166U,225,0
01715,32,0
018,1059,0
02024,24,0
0210U,85,0
02211,148,0
0226U,41,0
023,14,0
02404,121,0
02414,366,0
0250R,17805,0
0258R,828,0
0259R,2034,0
0270R,5526,0
0271R,751,0
0272R,5207,0
03,59267,0
0361U,26,0
0370R,2453,0
0422U,12,0
0427U,750,0
05983,227,0
0621R,66,0
0637R,4506,0
0710R,2773,0
0915R,27,0
092015,12,0
09920,12,0
0V000,45,0
1,97,0
10316,346,0
10366,277,0
110,42,0
11135,14,0
11256,1145,0
11266,2575,0
11586,4379,0
11596,14154,0
11706,4426,0
1396Z,16,0
15850,57,0
18,516965,0
1AFK1,1254,0
1AGK1,39,0
1AGKS,45,0
1AGLS,13,0
1BA11,264,0
1BC11,14,0
1BFK1,56,0
1BHK1,13,0
1BHKS,303,0
1BHKT,36,0
1BHMS,14,0
1CA11,76,0
1CA21,53,0
1CHK1,492,0
1CHK2,13,0
1CHKS,878,0
1CHKT,236,0
1CHKU,24,0
1CHL1,15,0
1CHLS,12,0
1EA11,620,0
1HB11,76,0
1HC11,80,0
1HC21,26,0
1IA11,139,0
1JA11,42,0
1KA11,14,0
1MOFU,53,0
1UPLL,30,0
1WKFU,376,0
20199,38,0
24241,12,0
2700A,15,0
2700B,16,0
2AFLT,13,0
2BFKS,58,0
2CA21,55,0
2EA11,13,0
2EC11,12,0
2HA11,53,0
2HA21,26,0
2HB21,41,0
2HC21,74,0
2WKFU,242,0
30086,5052,0
30446,162,0
30746,4338,0
30756,965,0
30776,2061,0
30786,5838,0
30796,1669,0
30806,372,0
3AA11,702,0
3AB21,80,0
3AC11,57,0
3BA11,288,0
3BC11,14,0
3BHK1,28,0
3CA11,417,0
3CA21,245,0
3CA31,265,0
3CC11,86,0
3CC21,343,0
3CC31,530,0
3E03329,25,0
3EA11,1298,0
3EA21,109,0
3EB11,95,0
3EB21,24,0
3EC21,312,0
3FA11,7615,0
3FA21,1222,0
3FA31,15,0
3FB11,148,0
3FC11,12,0
3GA11,17,0
3HA21,1341,0
3HC11,1166,0
3HC21,709,0
3IA11,2713,0
3IA21,830,0
3IB21,42,0
3IC21,373,0
3JA11,155,0
3KA11,163,0
3LA11,117,0
4002F,12,0
40106,580,0
44444,43,0
450012,12,0
5000B,178,0
5000D,118,0
5000E,177,0
5000F,154,0
50215,48,0
518F,29,0
521,52,0
55102,26,0
59420,200,0
59451,29,0
5S100,26,0
612,13,0
62508,13,0
64000,67,0
6WKFU,17,0
71900,12,0
77052,46,0
77055,14,0
77057,50,0
80102,119,0
80275,99,0
80300,45,0
80301,1244,0
80302,27,0
80303,207,0
80304,83,0
8083498,56,0
82492,120,0
82541,39,0
82544,53,0
82951QW,12,0
83295,15,0
83896,3759,0
86327,12,0
865932,19,0
87365,12,0
87620,25,0
87621,49,0
890401,25,0
9  00,12,0
90019,1169,0
90028,36,0
901301,14,0
90470,18,0
90471CG,100,0
90479,15,0
90646,82,0
90651ST,13,0
90651X,36,0
90655ST,298,0
90659,45,0
90712,30,0
90715SL,13,0
90718,12,0
90724,114,0
90734SL,23,0
90741,14,0
90760,12,0
90780,24,0
90803,915,0
90805,13,0
90810,485,0
9083H,21,0
90855,31,0
90862,13,0
908HW,12,0
91301CG,45,0
91302,14,0
92135,13,0
923410,13,0
92501,13,0
92508:TM,80,0
92530,26,0
92559,25,0
94648,31,0
95341,23,0
95509,12,0
96217,15,0
96512,28,0
97135,26,0
97510,27,0
97762,29,0
98619,12,0
991,20,0
99101,12,0
99144,68,0
99160,13,0
99212T,19,0
99420,2472,0
99713,14,0
999,25,0
99921,17,0
99991,35,0
99992,31,0
A0226,195,0
A0425:TM,47,0
A0995,14,0
A1003,40,0
A4293,12,0
A4535,13,0
ACUHE,36,0
ADMIN,17540,0
AO120,36,0
B00K1,246,0
BADDE,34,0
BARDOPTI,98,0
BCM11,99,0
BCM12,43,0
BG10,44,0
BILIMIS,41,0
BMGO,44,0
BPS15,19,0
BVD10,13,0
C3000,17,0
CAG04,13,0
CAR01,13,0
CARE,231,0
CGSMG,21,0
CHI,46,0
CHTRV,12,0
CLS34,161,0
CMC19,178,0
CME000,57,0
CN006,13,0
COD18,118326,0
COMMUTE,43,0
COVID,173,0
CURES,87,0
D0001,2972,0
D0002,7661,0
D0007,12,0
D0009,51,0
D0010,26,0
D0024,1080,0
D0033,180,0
D0052,52,0
D0071,149,0
D0099,127,0
D00AW,57,0
D00CP,14,0
D00JA,25,0
D0100,15,0
D0108,63,0
D0110,106,0
D0114,58,0
D0229,164,0
D0242,32,0
D0400,77,0
D0471,27,0
D0490,33,0
D0512,313,0
D0777,50,0
D0990,12,0
D0CP1,12,0
D0INT,26,0
D0TPC,13,0
D1000,103,0
D1001,942,0
D1201,152,0
D1204,602,0
D1205,40,0
D1300,14,0
D1340,12,0
D135,100,0
D1706,13,0
D1999P,42,0
D2993,15,0
D4050,16,0
D5000,681,0
D5230,15,0
D5899Z,904,0
D6000,19,0
D7110,67,0
D7999Z,13,0
D9330,19,0
D9431,14,0
D9907,33,0
D9998,21,0
D9999Z,15,0
DC0MP,12,0
DCAR,33,0
DD250,46,0
DENTA,36,0
DIH01,24,0
DMH20,33,0
DMISS,35,0
DO140,13,0
DO340,14,0
DO350,14,0
DONAT,63,0
DPCOM,13,0
DR01,26,0
DR0BE,229,0
DRADF,15,0
DS001,673,0
DSDST1,51,0
DSEAL,13,0
E1340,30,0
EEXAM,15,0
ESUP,29,0
F00Z6ZZ,12,0
FEE40,272,0
FLUST,13,0
FLUVF,383,0
G0441,12,0
G0647,26,0
G3014,26,0
G4067,66,0
G8402,13,0
G8434,15,0
G8447,74,0
G8553,550,0
G8609,12,0
GC284,44,0
H)015,15,0
H0031H,133,0
H0034H,306,0
H004,989,0
H0236,16,0
H2014 U,51,0
H2014H,38,0
H2014U,65,0
H2017:TM,72,0
H2104,26,0
H2306,13,0
HE214,43,0
HEC1,513,0
HH250,4495,0
HH270,1161,0
HH623,452,0
HH658,17,0
HOO36,13,0
HOO46,88,0
HOSPO,40,0
HR932,15,0
HTD1,44,0
HTD4,867,0
HW015,24,0
HW151,12,0
IBUL,28,0
IMMUN,46,0
INFHL,24,0
INPOS,3576,0
INSFB,12,0
INVAL,12,0
INVCD,1702,0
J1055,91,0
J3301M,141,0
J3490L,13,0
J7616,15,0
JLL00,27,0
LTFUP,13,0
LU014,222,0
LU100,313,0
LU232,455,0
LU233,210,0
LU238,1591,0
LU239,97,0
LU240,12,0
LU242,98,0
LU282,46,0
LU283,42,0
LU400,739,0
LU903,375,0
LUEXP,86,0
M2025,183,0
MC050,33,0
MCAID,26,0
MCDER,157,0
MEDAD,62,0
MILE1,29,0
MPID1,14,0
MR002,48,0
MR006,64,0
MR007,17,0
MR010,14,0
MR014,30,0
MR018,28,0
MR026,12,0
MR067,88,0
MR068,34,0
MR069,95,0
MR070,29,0
MR940,45,0
MULTIPL,96,0
MUREP,25,0
N1351,128,0
N2022,12,0
N4141,166,0
N4142,178,0
N4143,181,0
NCADV,16,0
NO BI,12,0
NOBIL,2964,0
NOBLL,115,0
NOCHA,12,0
NOCHG,25,0
NOEM,16,0
NOMIN,30,0
NONE,696,0
NS,25,0
NT/WKN,43,0
OBL13,12,0
OBL28,16,0
OBUS,54,0
OCINC,13,0
OL057,12,0
OL068,14,0
OL088,14,0
OL214,14,0
OL229,14,0
ONACC,34,0
OOE,25,0
OP324,19,0
OP636,234,0
OP780,13,0
OP911,26,0
P4300,533,0
PD100,23,0
PE100,47,0
PERI0,45,0
PM018,25,0
PN000,229,0
PROP5,428,0
PSC,13,0
PT624,122,0
PT818,16,0
Q3104,32,0
Q4093,113,0
QSOSO,17,0
R69,33,0
RATECO,40,0
RD2,26,0
RD4,36,0
RD5,51,0
RESRB,850,0
RETRO,69,0
RFUND,43,0
RH20,35,0
RN001,13,0
ROARB,2673,0
RUGS,175,0
RW002,13,0
S1500,14,0
S5152,18,0
S5215,41,0
S9806,68,0
S9945,36,0
SA019,1682,0
SA020,183,0
SA021,3405,0
SA687,755,0
SBIRT,24,0
SCBUN,12,0
SCBUN-,12,0
SHA,37,0
SMGS0,409,0
SPLIT,64,0
START,13,0
SUTSH,61,0
SV101,19,0
T-2905,32,0
T0115,33,0
T019,54,0
T10019,12,0
T1016-,30,0
T1019.U,24,0
T101911,13,0
T1019SC,56,0
T1019U,30,0
T1019U3,23,0
T1050,267,0
T109,412,0
T1096,17,0
T1099,16,0
T1101,851,0
T128,14,0
T2009,13,0
T2016 U5,31,0
T2022H,205,0
T2028 U,151,0
T2130,12,0
T2202,63,0
T2300,26,0
T2301,13,0
T2905,38,0
TB032,29,0
TELEH,2510,0
TELEP,4522,0
TELHT,25,0
TPC0M,13,0
TRANS-N,124,0
TRANS1,39,0
TRNO,136,0
TX018,30,0
TX693,13,0
U004,12,0
U00O3,18,0
U071,92,0
U1351,46,0
UHLC1,1007,0
V2741,358,0
VFC,98,0
VH100,55,0
VIRT01,14,0
VOID,13,0
VSY5,3753,0
W0000,65,0
W00R1,726,0
W00R2,3895,0
W00R4,977,0
W00R5,580,0
W0BR2,88,0
W1300,671,0
W1502,13,0
W1671,58,0
W1716,14,0
W3247,53,0
W51,16,0
W5511,2118,0
W7071,1705,0
W7077,1206,0
W7202,1927,0
W7206,2252,0
W7207,378,0
W7214,71,0
W9006,15,0
WA047,13,0
WA078,17,0
WA081,12,0
WATER,2092,0
WELL2,27,0
WS510,27,0
X0002,105,0
X0214,90,0
X1574,16,0
X3902,138,0
X3924,29881,0
X3936,17,0
X5410,52,0
X5752,30,0
X5880,98,0
X6218,464,0
X7700,1606,0
X9999,22,0
XX999,16,0
Y2509,86,0
YA323,12,0
YM120,136,0
YM851,12,0
YP620,164,0
YP660,13,0
YP710,37,0
YP760,33,0
YP770,14,0
YP780,12,0
YP790,86,0
Z0003,12,0
Z0030,1366,0
Z0040,795,0
Z0055,1521,0
Z0062,112,0
Z0119,241,0
Z0125,15,0
Z0126,15,0
Z0140,1591,0
Z0141,12,0
Z0316,24,0
Z0580,1461,0
Z0600,1473,0
Z1036,415,0
Z2077,16,0
Z23,91,0
Z2702,2808,0
Z5023,87,0
Z5183,12,0
Z5218,26,0
Z5220,350,0
Z5989,101,0
Z68.1,58,0
Z68.51,58,0
Z71.3,48,0
Z71.8,47,0
Z7689,70,0
Z9500,31,0
Z9999,12,0
